configuration,accuracy,macro_f1,weighted_f1,improvement
Baseline (RoBERTa),0.559,0.49377105956317163,0.5741602208554005,0.0
Hybrid (Neural+Symbolic),0.561,0.48618177008517866,0.5744230237037075,0.20000000000000018
Ensemble (Voting+Rules),0.581,0.505680113962103,0.5937026958589383,2.199999999999991
Hybrid + Ensemble (Combined),0.589,0.49342348433626326,0.5958825422582826,2.9999999999999916
